{
  "total_spent": 96810.035,
  "total_transactions": 6064,
  "avg_transaction": 15.964715534300792,
  "top_category": "Restuarant",
  "top_category_amount": 18848.36,
  "top_category_pct": 19.469427936886916,
  "monthly_avg": 2361.2203658536587,
  "highest_month": "2024-07",
  "highest_month_amount": 5509.49,
  "lowest_month": "2022-11",
  "lowest_month_amount": 1017.81,
  "most_expensive_day": "Wednesday",
  "most_expensive_day_avg": 19.355817361894026,
  "small_transactions_pct": 65.8641160949868,
  "large_transactions_pct": 3.990765171503958,
  "weekday_avg": 16.57222798317384,
  "weekend_avg": 14.383176394313388,
  "categories": {
    "Restuarant": 18848.36,
    "Coffe": 14381.67,
    "Market": 10768.995,
    "Communal": 10204.33,
    "Health": 6164.57,
    "Clothing": 5921.3,
    "Tech": 4730.73,
    "Events": 4392.3,
    "Travel": 3910.45,
    "Learning": 3687.37,
    "Business lunch": 2863.71,
    "Sport": 2104.06,
    "Taxi": 1715.88,
    "Other": 1690.81,
    "Transport": 1274.28,
    "business_expenses": 1200.99,
    "Phone": 1154.59,
    "Motel": 675.0,
    "joy": 637.3,
    "Barber": 225.0,
    "Fuel": 129.0,
    "Rent Car": 95.0,
    "Film/enjoyment": 34.34
  },
  "category_counts": {
    "Coffe": 1582,
    "Market": 1396,
    "Restuarant": 806,
    "Transport": 775,
    "Taxi": 393,
    "Business lunch": 301,
    "Phone": 171,
    "Other": 120,
    "Learning": 119,
    "Events": 65,
    "Health": 63,
    "Communal": 62,
    "Clothing": 62,
    "business_expenses": 38,
    "Sport": 34,
    "joy": 18,
    "Tech": 17,
    "Barber": 14,
    "Travel": 11,
    "Fuel": 10,
    "Film/enjoyment": 4,
    "Rent Car": 2,
    "Motel": 1
  }
}